Name,Address,Postal,Area,Halal status,Claimed,Claim URL,Listing URL
(Working Title) Burger Bar,783 North Bridge Road,198751,Kampong Glam,Muslim-Owned,No,https://www.humblehalal.com/claim?id=working-title-burger-bar,https://www.humblehalal.com/business/working-title-burger-bar
& Why…,30/31 Bali Lane #01-01,189867,Bali Lane,Muslim-Owned,No,https://www.humblehalal.com/claim?id=and-why,https://www.humblehalal.com/business/and-why
7mall.shop,447 Changi Road,419875,Changi,MUIS Certified,No,https://www.humblehalal.com/claim?id=7mall-shop,https://www.humblehalal.com/business/7mall-shop
A Poke Theory,Cross Street / Katong / Somerset (multiple),,,MUIS Certified,No,https://www.humblehalal.com/claim?id=a-poke-theory,https://www.humblehalal.com/business/a-poke-theory
Adam Halal,1 Kaki Bukit Road 1 #03-45,415934,Eunos,MUIS Certified,No,https://www.humblehalal.com/claim?id=adam-halal,https://www.humblehalal.com/business/adam-halal
Adrianna Yariqa,Online; Singapore,,,Muslim-Owned,No,https://www.humblehalal.com/claim?id=adrianna-yariqa,https://www.humblehalal.com/business/adrianna-yariqa
Afterwit,778A North Bridge Road,198786,Kampong Glam,MUIS Certified,No,https://www.humblehalal.com/claim?id=afterwit,https://www.humblehalal.com/business/afterwit
Al Nafoura,Singapore,,,MUIS Certified,No,https://www.humblehalal.com/claim?id=al-nafoura,https://www.humblehalal.com/business/al-nafoura
Al-Azhar Restaurant,31 Bencoolen Street,189624,Bras Basah,MUIS Certified,No,https://www.humblehalal.com/claim?id=al-azhar-restaurant,https://www.humblehalal.com/business/al-azhar-restaurant
Al-Tazzag Restaurant,29A Perak Road,208149,Dunlop Street,MUIS Certified,No,https://www.humblehalal.com/claim?id=al-tazzag-restaurant,https://www.humblehalal.com/business/al-tazzag-restaurant
Ali Nachia,30 Changi Village Road,500030,Changi Village,MUIS Certified,No,https://www.humblehalal.com/claim?id=ali-nachia,https://www.humblehalal.com/business/ali-nachia
ALIA,Online; Singapore,,,Muslim-Owned,No,https://www.humblehalal.com/claim?id=alia,https://www.humblehalal.com/business/alia
Aliwal Arts Centre Café,28 Aliwal Street,199918,Kampong Glam,MUIS Certified,No,https://www.humblehalal.com/claim?id=aliwal-arts-centre-cafe,https://www.humblehalal.com/business/aliwal-arts-centre-cafe
All Things Delicious,34 Arab Street #01-01,199733,Arab Street,MUIS Certified,No,https://www.humblehalal.com/claim?id=all-things-delicious,https://www.humblehalal.com/business/all-things-delicious
Alto Café,54 Bayshore Road #01-01,469979,Bayshore,Muslim-Owned,No,https://www.humblehalal.com/claim?id=alto-cafe,https://www.humblehalal.com/business/alto-cafe
An Nisaa Muslimah Hairdressing Salon,726 North Bridge Road,198694,North Bridge Road,Muslim-Owned,No,https://www.humblehalal.com/claim?id=an-nisaa-muslimah-hairdressing-salon,https://www.humblehalal.com/business/an-nisaa-muslimah-hairdressing-salon
Angus Steak House,Multiple Outlets,,,MUIS Certified,No,https://www.humblehalal.com/claim?id=angus-steak-house,https://www.humblehalal.com/business/angus-steak-house
Anjappar,76 Race Course Road,218575,Race Course Road,MUIS Certified,No,https://www.humblehalal.com/claim?id=anjappar,https://www.humblehalal.com/business/anjappar
Atrium Restaurant,317 Outram Road Holiday Inn Singapore Atrium Level 4,169075,Outram,MUIS Certified,No,https://www.humblehalal.com/claim?id=atrium-restaurant,https://www.humblehalal.com/business/atrium-restaurant
Ayam Penyet Ria,Multiple Outlets,,,MUIS Certified,No,https://www.humblehalal.com/claim?id=ayam-penyet-ria,https://www.humblehalal.com/business/ayam-penyet-ria
Ayu Apparels,Online store; Singapore,,,Muslim-Owned,No,https://www.humblehalal.com/claim?id=ayu-apparels,https://www.humblehalal.com/business/ayu-apparels
Bada Hair (Ladies lounge),333A Orchard Road #03-15 Mandarin Gallery,238867,Mandarin Gallery,Muslim-Friendly,No,https://www.humblehalal.com/claim?id=bada-hair-ladies-lounge,https://www.humblehalal.com/business/bada-hair-ladies-lounge
Badoque Café,298 Bedok Road,469454,Bedok,MUIS Certified,No,https://www.humblehalal.com/claim?id=badoque-cafe,https://www.humblehalal.com/business/badoque-cafe
BAGUS by Kopitiam (Pasir Ris Mall),Pasir Ris Mall,519599,Pasir Ris,MUIS Certified,No,https://www.humblehalal.com/claim?id=bagus-by-kopitiam-pasir-ris-mall,https://www.humblehalal.com/business/bagus-by-kopitiam-pasir-ris-mall
Bali Kitchen,Multiple Outlets,,,MUIS Certified,No,https://www.humblehalal.com/claim?id=bali-kitchen,https://www.humblehalal.com/business/bali-kitchen
Banana Leaf Curry (East Coast),East Coast area,,East Coast,MUIS Certified,No,https://www.humblehalal.com/claim?id=banana-leaf-curry-east-coast,https://www.humblehalal.com/business/banana-leaf-curry-east-coast
Bee Choo Herbal (Muslimah division),5 Pahang Street,198606,Pahang Street,Muslim-Friendly,No,https://www.humblehalal.com/claim?id=bee-choo-herbal-muslimah-division,https://www.humblehalal.com/business/bee-choo-herbal-muslimah-division
Bee Choo Ladies,5 Pahang Street,198606,Pahang Street,Muslim-Friendly,No,https://www.humblehalal.com/claim?id=bee-choo-ladies,https://www.humblehalal.com/business/bee-choo-ladies
Bee Choo Ladies (Tampines),Tampines branch (ladies-only),,Tampines,Muslim-Friendly,No,https://www.humblehalal.com/claim?id=bee-choo-ladies-tampines,https://www.humblehalal.com/business/bee-choo-ladies-tampines
Beyond Pancakes,6 Raffles Boulevard Marina Square #03-131A,039594,Marina Bay,MUIS Certified,No,https://www.humblehalal.com/claim?id=beyond-pancakes,https://www.humblehalal.com/business/beyond-pancakes
Bismillah Biryani Restaurant,50 Dunlop Street,209379,Dunlop Street,MUIS Certified,No,https://www.humblehalal.com/claim?id=bismillah-biryani-restaurant,https://www.humblehalal.com/business/bismillah-biryani-restaurant
Bistro Guillaume,Singapore,,,MUIS Certified,No,https://www.humblehalal.com/claim?id=bistro-guillaume,https://www.humblehalal.com/business/bistro-guillaume
Blu Grill,Bugis Village,,Bugis,MUIS Certified,No,https://www.humblehalal.com/claim?id=blu-grill,https://www.humblehalal.com/business/blu-grill
Blu Jaz Café,11 Bali Lane,189848,Bali Lane,Muslim-Owned,No,https://www.humblehalal.com/claim?id=blu-jaz-cafe,https://www.humblehalal.com/business/blu-jaz-cafe
Boon Tong Kee (Halal),Multiple Outlets,,,MUIS Certified,No,https://www.humblehalal.com/claim?id=boon-tong-kee-halal,https://www.humblehalal.com/business/boon-tong-kee-halal
Brunch & Co by The JellyHearts,127 Plantation Crescent #02-18 Plantation Plaza,690127,Clementi,MUIS Certified,No,https://www.humblehalal.com/claim?id=brunch-and-co-by-the-jellyhearts,https://www.humblehalal.com/business/brunch-and-co-by-the-jellyhearts
Brunch Legundi,8 Jalan Legundi #01-05,759274,Yishun,Muslim-Owned,No,https://www.humblehalal.com/claim?id=brunch-legundi,https://www.humblehalal.com/business/brunch-legundi
Burpple x Zeal (Zeal Char Siew),Singapore,,,MUIS Certified,No,https://www.humblehalal.com/claim?id=burpple-x-zeal-zeal-char-siew,https://www.humblehalal.com/business/burpple-x-zeal-zeal-char-siew
Butter Studio,147 Jalan Besar,208865,Lavender,MUIS Certified,No,https://www.humblehalal.com/claim?id=butter-studio,https://www.humblehalal.com/business/butter-studio
ButterScotch,164 Bukit Merah Central #01-3625,150164,Bukit Merah,Muslim-Owned,No,https://www.humblehalal.com/claim?id=butterscotch,https://www.humblehalal.com/business/butterscotch
By Harmoni,Golden Landmark #01-65,188061,Golden Landmark,Muslim-Owned,No,https://www.humblehalal.com/claim?id=by-harmoni,https://www.humblehalal.com/business/by-harmoni
By Maiza SG,Online; Singapore,,,Muslim-Owned,No,https://www.humblehalal.com/claim?id=by-maiza-sg,https://www.humblehalal.com/business/by-maiza-sg
By Sutina Amran,Online; Singapore,,,Muslim-Owned,No,https://www.humblehalal.com/claim?id=by-sutina-amran,https://www.humblehalal.com/business/by-sutina-amran
Café by the Ruins Dempsey,Dempsey,,Dempsey,MUIS Certified,No,https://www.humblehalal.com/claim?id=cafe-by-the-ruins-dempsey,https://www.humblehalal.com/business/cafe-by-the-ruins-dempsey
Café Galilee,278 Marine Parade Road #01-02,449282,Marine Parade,MUIS Certified,No,https://www.humblehalal.com/claim?id=cafe-galilee,https://www.humblehalal.com/business/cafe-galilee
Café Le Caire,39 Arab Street,199732,Arab Street,MUIS Certified,No,https://www.humblehalal.com/claim?id=cafe-le-caire,https://www.humblehalal.com/business/cafe-le-caire
Café Mediterranean,Singapore,,,MUIS Certified,No,https://www.humblehalal.com/claim?id=cafe-mediterranean,https://www.humblehalal.com/business/cafe-mediterranean
Café Reka,Kampong Glam,,Kampong Glam,Muslim-Owned,No,https://www.humblehalal.com/claim?id=cafe-reka,https://www.humblehalal.com/business/cafe-reka
Café Samar,33 Arab Street,199727,Arab Street,Muslim-Owned,No,https://www.humblehalal.com/claim?id=cafe-samar,https://www.humblehalal.com/business/cafe-samar
Cantik Luxe Muslimah Salon,Toa Payoh,,Toa Payoh,Muslim-Owned,No,https://www.humblehalal.com/claim?id=cantik-luxe-muslimah-salon,https://www.humblehalal.com/business/cantik-luxe-muslimah-salon
Carousel (Royal Plaza on Scotts),25 Scotts Road Royal Plaza on Scotts Lobby Level,228220,Orchard,MUIS Certified,No,https://www.humblehalal.com/claim?id=carousel-royal-plaza-on-scotts,https://www.humblehalal.com/business/carousel-royal-plaza-on-scotts
Cedele,Multiple Outlets,,,MUIS Certified,No,https://www.humblehalal.com/claim?id=cedele,https://www.humblehalal.com/business/cedele
Charlie Brown Café,8 Grange Road Cathay Cineleisure #04-01,239695,Somerset,MUIS Certified,No,https://www.humblehalal.com/claim?id=charlie-brown-cafe,https://www.humblehalal.com/business/charlie-brown-cafe
Chez Vous: Private Space,391B Orchard Road Ngee Ann City Tower B #08-01,238874,Ngee Ann City,Muslim-Friendly,No,https://www.humblehalal.com/claim?id=chez-vous-private-space,https://www.humblehalal.com/business/chez-vous-private-space
Chice,2 Venture Drive #01-47 Vision Exchange,608526,Jurong East,MUIS Certified,No,https://www.humblehalal.com/claim?id=chice,https://www.humblehalal.com/business/chice
Chicken Ka Kee by Boon Tong Kee,Singapore,,,MUIS Certified,No,https://www.humblehalal.com/claim?id=chicken-ka-kee-by-boon-tong-kee,https://www.humblehalal.com/business/chicken-ka-kee-by-boon-tong-kee
Chiko Pollo,Singapore,,,MUIS Certified,No,https://www.humblehalal.com/claim?id=chiko-pollo,https://www.humblehalal.com/business/chiko-pollo
Citrus by the Pool,3 Woodlands Street 13 Woodlands Swimming Complex,738600,Woodlands,MUIS Certified,No,https://www.humblehalal.com/claim?id=citrus-by-the-pool,https://www.humblehalal.com/business/citrus-by-the-pool
Coastal Settlement,200 Netheravon Road,508529,Changi,Muslim-Owned,No,https://www.humblehalal.com/claim?id=coastal-settlement,https://www.humblehalal.com/business/coastal-settlement
Coba Coba,156 Yishun Street 11 #01-106,760156,Yishun,MUIS Certified,No,https://www.humblehalal.com/claim?id=coba-coba,https://www.humblehalal.com/business/coba-coba
Commons (Jewel),78 Airport Boulevard Jewel Changi Airport #B1-289,819666,Jewel Changi,MUIS Certified,No,https://www.humblehalal.com/claim?id=commons-jewel,https://www.humblehalal.com/business/commons-jewel
Crave (Nasi Padang),Multiple Outlets,,,MUIS Certified,No,https://www.humblehalal.com/claim?id=crave-nasi-padang,https://www.humblehalal.com/business/crave-nasi-padang
Craze Kitchen,201D Tampines Street 21 #01-1171,524201,Tampines,MUIS Certified,No,https://www.humblehalal.com/claim?id=craze-kitchen,https://www.humblehalal.com/business/craze-kitchen
Crystal Jade (Halal outlets),Multiple Outlets,,,MUIS Certified,No,https://www.humblehalal.com/claim?id=crystal-jade-halal-outlets,https://www.humblehalal.com/business/crystal-jade-halal-outlets
CS Foods,Online only,,,MUIS Certified,No,https://www.humblehalal.com/claim?id=cs-foods,https://www.humblehalal.com/business/cs-foods
D'La Riva,Geylang Serai,,Geylang Serai,Muslim-Owned,No,https://www.humblehalal.com/claim?id=dla-riva,https://www.humblehalal.com/business/dla-riva
Da Paolo Gastronomia,Multiple Outlets,,,MUIS Certified,No,https://www.humblehalal.com/claim?id=da-paolo-gastronomia,https://www.humblehalal.com/business/da-paolo-gastronomia
Daily Grind,Multiple Outlets,,,MUIS Certified,No,https://www.humblehalal.com/claim?id=daily-grind,https://www.humblehalal.com/business/daily-grind
Daya Izakaya,254 Jalan Kayu,799481,Jalan Kayu,MUIS Certified,No,https://www.humblehalal.com/claim?id=daya-izakaya,https://www.humblehalal.com/business/daya-izakaya
Din Tai Fung (Paragon),290 Orchard Road Paragon #05-08,238859,Orchard,MUIS Certified,No,https://www.humblehalal.com/claim?id=din-tai-fung-paragon,https://www.humblehalal.com/business/din-tai-fung-paragon
Eatbox Singapore,Singapore,,,MUIS Certified,No,https://www.humblehalal.com/claim?id=eatbox-singapore,https://www.humblehalal.com/business/eatbox-singapore
Eatzi Gourmet Steakhouse & Bistro,Singapore,,,MUIS Certified,No,https://www.humblehalal.com/claim?id=eatzi-gourmet-steakhouse-and-bistro,https://www.humblehalal.com/business/eatzi-gourmet-steakhouse-and-bistro
Eatzi Market & Restaurant,313 Orchard Road 313@Somerset #B4-01,238895,Somerset,MUIS Certified,No,https://www.humblehalal.com/claim?id=eatzi-market-and-restaurant,https://www.humblehalal.com/business/eatzi-market-and-restaurant
Elfuego,Singapore,,,MUIS Certified,No,https://www.humblehalal.com/claim?id=elfuego,https://www.humblehalal.com/business/elfuego
Elitas,Singapore,,,MUIS Certified,No,https://www.humblehalal.com/claim?id=elitas,https://www.humblehalal.com/business/elitas
Empire Charme,Hougang / Bukit Batok / Paya Lebar outlets,,,Muslim-Friendly,No,https://www.humblehalal.com/claim?id=empire-charme,https://www.humblehalal.com/business/empire-charme
Encik Tan,Multiple Outlets,,,MUIS Certified,No,https://www.humblehalal.com/claim?id=encik-tan,https://www.humblehalal.com/business/encik-tan
Faredah Muslimah Hair Salon,40 Chai Chee Avenue,461040,Chai Chee,Muslim-Owned,No,https://www.humblehalal.com/claim?id=faredah-muslimah-hair-salon,https://www.humblehalal.com/business/faredah-muslimah-hair-salon
Feast by East,Singapore,,,MUIS Certified,No,https://www.humblehalal.com/claim?id=feast-by-east,https://www.humblehalal.com/business/feast-by-east
Fika Swedish Cafe (Tiong Bahru),Tiong Bahru,,Tiong Bahru,MUIS Certified,No,https://www.humblehalal.com/claim?id=fika-swedish-cafe-tiong-bahru,https://www.humblehalal.com/business/fika-swedish-cafe-tiong-bahru
Fika Swedish Café & Bistro,257 Beach Road,199539,Bugis,MUIS Certified,No,https://www.humblehalal.com/claim?id=fika-swedish-cafe-and-bistro-2,https://www.humblehalal.com/business/fika-swedish-cafe-and-bistro-2
Fika Swedish Cafe and Bistro,257 Beach Road,199539,Beach Road,MUIS Certified,No,https://www.humblehalal.com/claim?id=fika-swedish-cafe-and-bistro,https://www.humblehalal.com/business/fika-swedish-cafe-and-bistro
Flaming Wok by Siam Kitchen,Singapore,,,MUIS Certified,No,https://www.humblehalal.com/claim?id=flaming-wok-by-siam-kitchen,https://www.humblehalal.com/business/flaming-wok-by-siam-kitchen
Fluff Bakery,4 Jalan Pisang,199079,Kampong Glam,MUIS Certified,No,https://www.humblehalal.com/claim?id=fluff-bakery,https://www.humblehalal.com/business/fluff-bakery
Fluff Stack,Singapore,,,MUIS Certified,No,https://www.humblehalal.com/claim?id=fluff-stack,https://www.humblehalal.com/business/fluff-stack
Food Junction (Halal stalls),Multiple Outlets,,,MUIS Certified,No,https://www.humblehalal.com/claim?id=food-junction-halal-stalls,https://www.humblehalal.com/business/food-junction-halal-stalls
Foodcanvas (National Gallery),1 St Andrew's Road National Gallery Singapore #01-03,178957,City Hall,MUIS Certified,No,https://www.humblehalal.com/claim?id=foodcanvas-national-gallery,https://www.humblehalal.com/business/foodcanvas-national-gallery
Forest (Resorts World),26 Sentosa Gateway RWS,098138,Sentosa,MUIS Certified,No,https://www.humblehalal.com/claim?id=forest-resorts-world,https://www.humblehalal.com/business/forest-resorts-world
Gandhi Restaurant,Singapore,,,MUIS Certified,No,https://www.humblehalal.com/claim?id=gandhi-restaurant,https://www.humblehalal.com/business/gandhi-restaurant
Gaylord Restaurant,Singapore,,,MUIS Certified,No,https://www.humblehalal.com/claim?id=gaylord-restaurant,https://www.humblehalal.com/business/gaylord-restaurant
Golden Mile Complex (Thai cluster),5001 Beach Road,199588,Golden Mile,MUIS Certified,No,https://www.humblehalal.com/claim?id=golden-mile-complex-thai-cluster,https://www.humblehalal.com/business/golden-mile-complex-thai-cluster
Good Bites,5 Bishan Street 14 Bishan Sports Hall #03-01,579783,Bishan,MUIS Certified,No,https://www.humblehalal.com/claim?id=good-bites,https://www.humblehalal.com/business/good-bites
Grasso Coffee,1 Irving Place The Commerze #01-27,369546,Macpherson,MUIS Certified,No,https://www.humblehalal.com/claim?id=grasso-coffee,https://www.humblehalal.com/business/grasso-coffee
Greenwood Fish Market,34 Greenwood Avenue,289236,Bukit Timah,MUIS Certified,No,https://www.humblehalal.com/claim?id=greenwood-fish-market,https://www.humblehalal.com/business/greenwood-fish-market
Ground (Dempsey),Singapore,,,MUIS Certified,No,https://www.humblehalal.com/claim?id=ground-dempsey,https://www.humblehalal.com/business/ground-dempsey
Hadramawt Kitchen,304 Lavender Street,338812,Lavender,Muslim-Owned,No,https://www.humblehalal.com/claim?id=hadramawt-kitchen,https://www.humblehalal.com/business/hadramawt-kitchen
Hajah Mona Nasi Padang,Geylang Serai Market,,Geylang Serai,MUIS Certified,No,https://www.humblehalal.com/claim?id=hajah-mona-nasi-padang,https://www.humblehalal.com/business/hajah-mona-nasi-padang
Hajjah Mona Restaurant,11 Bussorah Street,199437,Kampong Glam,MUIS Certified,No,https://www.humblehalal.com/claim?id=hajjah-mona-restaurant,https://www.humblehalal.com/business/hajjah-mona-restaurant
Hajjah Muna Boutique,Geylang Serai Market,,Geylang Serai,Muslim-Owned,No,https://www.humblehalal.com/claim?id=hajjah-muna-boutique,https://www.humblehalal.com/business/hajjah-muna-boutique
Halal Cleaning SG,Online; Singapore,,Islandwide,Muslim-Owned,No,https://www.humblehalal.com/claim?id=halal-cleaning-sg,https://www.humblehalal.com/business/halal-cleaning-sg
HAO Halal Hub by HAO Mart,12 outlets islandwide,,Islandwide,MUIS Certified,No,https://www.humblehalal.com/claim?id=hao-halal-hub-by-hao-mart,https://www.humblehalal.com/business/hao-halal-hub-by-hao-mart
Happy Vibes,Online; Singapore,,,Muslim-Owned,No,https://www.humblehalal.com/claim?id=happy-vibes,https://www.humblehalal.com/business/happy-vibes
Hayaa by Fzhra,Online; Singapore,,,Muslim-Owned,No,https://www.humblehalal.com/claim?id=hayaa-by-fzhra,https://www.humblehalal.com/business/hayaa-by-fzhra
Heavenly Wang,Multiple Outlets,,,MUIS Certified,No,https://www.humblehalal.com/claim?id=heavenly-wang,https://www.humblehalal.com/business/heavenly-wang
Hey Sugar,818 Choa Chu Kang Avenue 1 #01-06,680818,Choa Chu Kang,MUIS Certified,No,https://www.humblehalal.com/claim?id=hey-sugar,https://www.humblehalal.com/business/hey-sugar
Hijrah Movers,Online; Singapore,,Islandwide,Muslim-Owned,No,https://www.humblehalal.com/claim?id=hijrah-movers,https://www.humblehalal.com/business/hijrah-movers
Hjh Maimunah (Jalan Pisang),11 and 14 Jalan Pisang,199078,Kampong Glam,MUIS Certified,No,https://www.humblehalal.com/claim?id=hjh-maimunah-jalan-pisang,https://www.humblehalal.com/business/hjh-maimunah-jalan-pisang
Hjh Maimunah Restaurant,Bugis / Kampong Glam,,Kampong Glam,MUIS Certified,No,https://www.humblehalal.com/claim?id=hjh-maimunah-restaurant,https://www.humblehalal.com/business/hjh-maimunah-restaurant
House of Seafood,1 Lor Telok Blangah,109178,Telok Blangah,MUIS Certified,No,https://www.humblehalal.com/claim?id=house-of-seafood,https://www.humblehalal.com/business/house-of-seafood
House of White Bee Hoon,Our Tampines Hub #01-86,528523,Our Tampines Hub,MUIS Certified,No,https://www.humblehalal.com/claim?id=house-of-white-bee-hoon,https://www.humblehalal.com/business/house-of-white-bee-hoon
Hush Hijabs,Online; Singapore,,,Muslim-Owned,No,https://www.humblehalal.com/claim?id=hush-hijabs,https://www.humblehalal.com/business/hush-hijabs
Hyba Ladies Lounge,717 North Bridge Road #01-01,198685,North Bridge Road,Muslim-Friendly,No,https://www.humblehalal.com/claim?id=hyba-ladies-lounge,https://www.humblehalal.com/business/hyba-ladies-lounge
I AM… Café,674 North Bridge Road,188804,Haji Lane,Muslim-Owned,No,https://www.humblehalal.com/claim?id=i-am-cafe,https://www.humblehalal.com/business/i-am-cafe
Iffah Muslimah Hair & Beauty Salon,Tampines Mart / Kembangan Place / Woodgrove / Jurong East,,,Muslim-Owned,No,https://www.humblehalal.com/claim?id=iffah-muslimah-hair-and-beauty-salon,https://www.humblehalal.com/business/iffah-muslimah-hair-and-beauty-salon
IndoChili,54 Zion Road,247779,Zion Road,MUIS Certified,No,https://www.humblehalal.com/claim?id=indochili,https://www.humblehalal.com/business/indochili
Isgro Pastries (Halal),Singapore,,,MUIS Certified,No,https://www.humblehalal.com/claim?id=isgro-pastries-halal,https://www.humblehalal.com/business/isgro-pastries-halal
Islamic Restaurant,745 North Bridge Road,198713,Kampong Glam,MUIS Certified,No,https://www.humblehalal.com/claim?id=islamic-restaurant,https://www.humblehalal.com/business/islamic-restaurant
Isuramuya,2 Jurong East Central JCube #04-19,609731,Jurong East,MUIS Certified,No,https://www.humblehalal.com/claim?id=isuramuya,https://www.humblehalal.com/business/isuramuya
Jannah Hair & Beauty Salon,970 Geylang Road #01-05 Tristar Complex,423492,Geylang,Muslim-Owned,No,https://www.humblehalal.com/claim?id=jannah-hair-and-beauty-salon,https://www.humblehalal.com/business/jannah-hair-and-beauty-salon
Jannah Muslimah Spa,970 Geylang Road #01-05 Tristar Complex,423492,Geylang,Muslim-Owned,No,https://www.humblehalal.com/claim?id=jannah-muslimah-spa,https://www.humblehalal.com/business/jannah-muslimah-spa
JasonSally Hairdressers (Muslimah branch),51 Tampines Avenue 4 Our Tampines Hub #B1-33/34,529684,Our Tampines Hub,Muslim-Friendly,No,https://www.humblehalal.com/claim?id=jasonsally-hairdressers-muslimah-branch,https://www.humblehalal.com/business/jasonsally-hairdressers-muslimah-branch
Kafe Utu,12 Jalan Klapa,199329,Kampong Glam,MUIS Certified,No,https://www.humblehalal.com/claim?id=kafe-utu,https://www.humblehalal.com/business/kafe-utu
Kampong Chicken House,Singapore,,,MUIS Certified,No,https://www.humblehalal.com/claim?id=kampong-chicken-house,https://www.humblehalal.com/business/kampong-chicken-house
Kantik Room (Bada Hair),333A Orchard Road Mandarin Gallery #03-15,238867,Mandarin Gallery,Muslim-Friendly,No,https://www.humblehalal.com/claim?id=kantik-room-bada-hair,https://www.humblehalal.com/business/kantik-room-bada-hair
Karva,Arab Street / Bussorah / East Village / JCube / Northpoint,,,Muslim-Owned,No,https://www.humblehalal.com/claim?id=karva,https://www.humblehalal.com/business/karva
Karva (Bussorah Street branch),73A Bussorah Street,199486,Bussorah Street,Muslim-Owned,No,https://www.humblehalal.com/claim?id=karva-bussorah-street-branch,https://www.humblehalal.com/business/karva-bussorah-street-branch
Kin (Halal Fine Dining),Singapore,,,Muslim-Owned,No,https://www.humblehalal.com/claim?id=kin-halal-fine-dining,https://www.humblehalal.com/business/kin-halal-fine-dining
Kinara,57 Boat Quay,049843,Boat Quay,MUIS Certified,No,https://www.humblehalal.com/claim?id=kinara,https://www.humblehalal.com/business/kinara
Komala Vilas,76-78 Serangoon Road,217981,Little India,MUIS Certified,No,https://www.humblehalal.com/claim?id=komala-vilas,https://www.humblehalal.com/business/komala-vilas
Kraft x Mexicana,820 Tampines Street 81 #01-526,520820,Tampines,MUIS Certified,No,https://www.humblehalal.com/claim?id=kraft-x-mexicana,https://www.humblehalal.com/business/kraft-x-mexicana
Kraftwich by SwissBake,1 Raffles Place One Raffles Place #B1-04,048616,CBD,MUIS Certified,No,https://www.humblehalal.com/claim?id=kraftwich-by-swissbake,https://www.humblehalal.com/business/kraftwich-by-swissbake
Krave,Bugis / Kampong Glam,,Kampong Glam,MUIS Certified,No,https://www.humblehalal.com/claim?id=krave,https://www.humblehalal.com/business/krave
La Fez Cafe & Bakery,907 East Coast Road #01-04 Springvale,459107,East Coast,Muslim-Owned,No,https://www.humblehalal.com/claim?id=la-fez-cafe-and-bakery,https://www.humblehalal.com/business/la-fez-cafe-and-bakery
Laundry Gallery,Tampines Street 23 Block 201E #01-118,527201,Tampines,MUIS Certified,No,https://www.humblehalal.com/claim?id=laundry-gallery,https://www.humblehalal.com/business/laundry-gallery
Lavender Steak,Singapore,,,MUIS Certified,No,https://www.humblehalal.com/claim?id=lavender-steak,https://www.humblehalal.com/business/lavender-steak
Lavlin.co,Online; Singapore,,,Muslim-Owned,No,https://www.humblehalal.com/claim?id=lavlin-co,https://www.humblehalal.com/business/lavlin-co
Lickety Ice Cream & Waffles,34 Bussorah Street,199452,Kampong Glam,Muslim-Owned,No,https://www.humblehalal.com/claim?id=lickety-ice-cream-and-waffles,https://www.humblehalal.com/business/lickety-ice-cream-and-waffles
Lily Head and Hair Spa,6A Shenton Way OUE Downtown Gallery #03-16,068815,Shenton Way,Muslim-Friendly,No,https://www.humblehalal.com/claim?id=lily-head-and-hair-spa,https://www.humblehalal.com/business/lily-head-and-hair-spa
Lina's Café,7 Jalan Pisang,199074,Kampong Glam,Muslim-Owned,No,https://www.humblehalal.com/claim?id=linas-cafe,https://www.humblehalal.com/business/linas-cafe
Loveaisyah,Online; Singapore,,,Muslim-Owned,No,https://www.humblehalal.com/claim?id=loveaisyah,https://www.humblehalal.com/business/loveaisyah
Lubna,Online; Singapore,,,Muslim-Owned,No,https://www.humblehalal.com/claim?id=lubna,https://www.humblehalal.com/business/lubna
Lynn's Cakes & Coffee,11 Eng Kong Terrace,598983,Bukit Timah,Muslim-Owned,No,https://www.humblehalal.com/claim?id=lynns-cakes-and-coffee,https://www.humblehalal.com/business/lynns-cakes-and-coffee
Madinah Spice Kitchen,Multiple Locations,,,MUIS Certified,No,https://www.humblehalal.com/claim?id=madinah-spice-kitchen,https://www.humblehalal.com/business/madinah-spice-kitchen
Maison Q,Online; Singapore-based,,,Muslim-Owned,No,https://www.humblehalal.com/claim?id=maison-q,https://www.humblehalal.com/business/maison-q
Maison Q Pop-up (Cluny Court),501 Bukit Timah Road Cluny Court,259760,Cluny Court,Muslim-Owned,No,https://www.humblehalal.com/claim?id=maison-q-pop-up-cluny-court,https://www.humblehalal.com/business/maison-q-pop-up-cluny-court
Makan Makan,Singapore,,,MUIS Certified,No,https://www.humblehalal.com/claim?id=makan-makan,https://www.humblehalal.com/business/makan-makan
Manhattan Fish Market,Multiple Outlets,,,MUIS Certified,No,https://www.humblehalal.com/claim?id=manhattan-fish-market,https://www.humblehalal.com/business/manhattan-fish-market
Manis Look,Online; Singapore,,,Muslim-Owned,No,https://www.humblehalal.com/claim?id=manis-look,https://www.humblehalal.com/business/manis-look
Maqayla,Online; Singapore,,,Muslim-Owned,No,https://www.humblehalal.com/claim?id=maqayla,https://www.humblehalal.com/business/maqayla
Mariam's Kitchen,Singapore,,,Muslim-Owned,No,https://www.humblehalal.com/claim?id=mariams-kitchen,https://www.humblehalal.com/business/mariams-kitchen
Meghna Restaurant,6 Race Course Lane,218563,Race Course Road,MUIS Certified,No,https://www.humblehalal.com/claim?id=meghna-restaurant,https://www.humblehalal.com/business/meghna-restaurant
Miam Miam,Multiple Outlets,,,MUIS Certified,No,https://www.humblehalal.com/claim?id=miam-miam,https://www.humblehalal.com/business/miam-miam
Min Jiang at One-North,5 Rochester Park,139216,One-North,MUIS Certified,No,https://www.humblehalal.com/claim?id=min-jiang-at-one-north,https://www.humblehalal.com/business/min-jiang-at-one-north
Mirour & Co.,Online; Singapore,,,Muslim-Owned,No,https://www.humblehalal.com/claim?id=mirour-and-co,https://www.humblehalal.com/business/mirour-and-co
Modestsquad.sg,Online; Singapore,,,Muslim-Owned,No,https://www.humblehalal.com/claim?id=modestsquad-sg,https://www.humblehalal.com/business/modestsquad-sg
Modestsquad.sg Store,Online; Singapore,,,Muslim-Owned,No,https://www.humblehalal.com/claim?id=modestsquad-sg-store,https://www.humblehalal.com/business/modestsquad-sg-store
Moghul Sweet Shop,48 Serangoon Road,217959,Little India,MUIS Certified,No,https://www.humblehalal.com/claim?id=moghul-sweet-shop,https://www.humblehalal.com/business/moghul-sweet-shop
Moza Aesthetics,146 Arab Street,199830,Arab Street,Muslim-Owned,No,https://www.humblehalal.com/claim?id=moza-aesthetics,https://www.humblehalal.com/business/moza-aesthetics
Mr Biryani,Singapore,,,MUIS Certified,No,https://www.humblehalal.com/claim?id=mr-biryani,https://www.humblehalal.com/business/mr-biryani
Mukshidonna,1 Pasir Ris Close E!Avenue #02-324,519599,Downtown East,MUIS Certified,No,https://www.humblehalal.com/claim?id=mukshidonna,https://www.humblehalal.com/business/mukshidonna
Mumtaz Mahal,73 Race Course Road,218594,Race Course Road,MUIS Certified,No,https://www.humblehalal.com/claim?id=mumtaz-mahal,https://www.humblehalal.com/business/mumtaz-mahal
Mutawadi Modest Apparels,Online; Singapore,,,Muslim-Owned,No,https://www.humblehalal.com/claim?id=mutawadi-modest-apparels,https://www.humblehalal.com/business/mutawadi-modest-apparels
Mutawadi SG,Online; Singapore,,,Muslim-Owned,No,https://www.humblehalal.com/claim?id=mutawadi-sg,https://www.humblehalal.com/business/mutawadi-sg
Muthu's Curry,138 Race Course Road,218591,Race Course Road,MUIS Certified,No,https://www.humblehalal.com/claim?id=muthus-curry,https://www.humblehalal.com/business/muthus-curry
My Nik Mart,Online only,,,MUIS Certified,No,https://www.humblehalal.com/claim?id=my-nik-mart,https://www.humblehalal.com/business/my-nik-mart
MyNik Halal Frozen,Online; Singapore,,,MUIS Certified,No,https://www.humblehalal.com/claim?id=mynik-halal-frozen,https://www.humblehalal.com/business/mynik-halal-frozen
Namu Bulgogi,Singapore,,,MUIS Certified,No,https://www.humblehalal.com/claim?id=namu-bulgogi,https://www.humblehalal.com/business/namu-bulgogi
Nandos,Multiple Outlets,,,MUIS Certified,No,https://www.humblehalal.com/claim?id=nandos,https://www.humblehalal.com/business/nandos
Nasi Lemak Kukus,Multiple Outlets,,,MUIS Certified,No,https://www.humblehalal.com/claim?id=nasi-lemak-kukus,https://www.humblehalal.com/business/nasi-lemak-kukus
Nour Kitchen Equipment Services,Online; Singapore,,Islandwide,Muslim-Owned,No,https://www.humblehalal.com/claim?id=nour-kitchen-equipment-services,https://www.humblehalal.com/business/nour-kitchen-equipment-services
Nuodle,Singapore,,,MUIS Certified,No,https://www.humblehalal.com/claim?id=nuodle,https://www.humblehalal.com/business/nuodle
Nur Ezza SG,Online; Singapore,,,Muslim-Owned,No,https://www.humblehalal.com/claim?id=nur-ezza-sg,https://www.humblehalal.com/business/nur-ezza-sg
Nurindah Gallery,Online; Singapore,,,Muslim-Owned,No,https://www.humblehalal.com/claim?id=nurindah-gallery,https://www.humblehalal.com/business/nurindah-gallery
Old Chang Kee Coffee House,19/21/23 Mackenzie Road REX #01-01,228678,Little India,MUIS Certified,No,https://www.humblehalal.com/claim?id=old-chang-kee-coffee-house,https://www.humblehalal.com/business/old-chang-kee-coffee-house
Olivye Café & Gelato,5 Changi Village Road #01-2009,500005,Changi Village,MUIS Certified,No,https://www.humblehalal.com/claim?id=olivye-cafe-and-gelato,https://www.humblehalal.com/business/olivye-cafe-and-gelato
Oriental Kitchen,Singapore,,,MUIS Certified,No,https://www.humblehalal.com/claim?id=oriental-kitchen,https://www.humblehalal.com/business/oriental-kitchen
Origin Grill (Shangri-La),22 Orange Grove Road Shangri-La Singapore,258350,Tanglin,MUIS Certified,No,https://www.humblehalal.com/claim?id=origin-grill-shangri-la,https://www.humblehalal.com/business/origin-grill-shangri-la
Osia Steak and Seafood Grill (Resorts World),26 Sentosa Gateway RWS,098138,Sentosa,MUIS Certified,No,https://www.humblehalal.com/claim?id=osia-steak-and-seafood-grill-resorts-world,https://www.humblehalal.com/business/osia-steak-and-seafood-grill-resorts-world
Overrice,48 Arab Street,199745,Arab Street,Muslim-Owned,No,https://www.humblehalal.com/claim?id=overrice,https://www.humblehalal.com/business/overrice
Ozel,Online; Singapore,,,Muslim-Owned,No,https://www.humblehalal.com/claim?id=ozel,https://www.humblehalal.com/business/ozel
Paradise Classic (Halal),Bugis Junction,,Bugis,MUIS Certified,No,https://www.humblehalal.com/claim?id=paradise-classic-halal,https://www.humblehalal.com/business/paradise-classic-halal
Pasta Brava,11 Craig Road,089671,Tanjong Pagar,MUIS Certified,No,https://www.humblehalal.com/claim?id=pasta-brava,https://www.humblehalal.com/business/pasta-brava
Pearlista (Clementi branch),3151 Commonwealth Ave West #02-08 Grantral Mall Clementi,129581,Clementi,Muslim-Owned,No,https://www.humblehalal.com/claim?id=pearlista-clementi-branch,https://www.humblehalal.com/business/pearlista-clementi-branch
Pearlista Clementi Home Services,Clementi & West Singapore,,Clementi,Muslim-Owned,No,https://www.humblehalal.com/claim?id=pearlista-clementi-home-services,https://www.humblehalal.com/business/pearlista-clementi-home-services
Pearlista Muslimah Hair Salon,3151 Commonwealth Ave West #02-08 / 228 Changi Road #01-02 / 14 Scotts Road #03-76,,,Muslim-Owned,No,https://www.humblehalal.com/claim?id=pearlista-muslimah-hair-salon,https://www.humblehalal.com/business/pearlista-muslimah-hair-salon
Penny University,402 East Coast Road,428997,Siglap,Muslim-Owned,No,https://www.humblehalal.com/claim?id=penny-university,https://www.humblehalal.com/business/penny-university
Peppermint (Parkroyal Collection Marina Bay),6 Raffles Boulevard Parkroyal Collection Marina Bay,039594,Marina Bay,MUIS Certified,No,https://www.humblehalal.com/claim?id=peppermint-parkroyal-collection-marina-bay,https://www.humblehalal.com/business/peppermint-parkroyal-collection-marina-bay
Plentyfull,VivoCity B1-05,098585,Harbourfront,MUIS Certified,No,https://www.humblehalal.com/claim?id=plentyfull,https://www.humblehalal.com/business/plentyfull
Pondok Makan,Singapore,,,MUIS Certified,No,https://www.humblehalal.com/claim?id=pondok-makan,https://www.humblehalal.com/business/pondok-makan
Pondok Pantai Timur,Singapore,,,MUIS Certified,No,https://www.humblehalal.com/claim?id=pondok-pantai-timur,https://www.humblehalal.com/business/pondok-pantai-timur
portopantry,7 Buroh Lane Commonwealth Capital Building #06-05,618291,Jurong,MUIS Certified,No,https://www.humblehalal.com/claim?id=portopantry,https://www.humblehalal.com/business/portopantry
Positano Risto,66 Bussorah Street,199478,Kampong Glam,MUIS Certified,No,https://www.humblehalal.com/claim?id=positano-risto,https://www.humblehalal.com/business/positano-risto
Prive (Keppel Bay),2 Keppel Bay Vista Marina at Keppel Bay,098382,Keppel Bay,MUIS Certified,No,https://www.humblehalal.com/claim?id=prive-keppel-bay,https://www.humblehalal.com/business/prive-keppel-bay
PS.Café (Dempsey),28B Harding Road,249549,Dempsey,Muslim-Friendly,No,https://www.humblehalal.com/claim?id=ps-cafe-dempsey,https://www.humblehalal.com/business/ps-cafe-dempsey
Putra Minang,Singapore,,,MUIS Certified,No,https://www.humblehalal.com/claim?id=putra-minang,https://www.humblehalal.com/business/putra-minang
Qahwa & Co.,Bugis,,Bugis,Muslim-Owned,No,https://www.humblehalal.com/claim?id=qahwa-and-co,https://www.humblehalal.com/business/qahwa-and-co
Ramen Keisuke Tonkotsu King,Singapore,,,MUIS Certified,No,https://www.humblehalal.com/claim?id=ramen-keisuke-tonkotsu-king,https://www.humblehalal.com/business/ramen-keisuke-tonkotsu-king
Restoran Minang,Singapore,,,MUIS Certified,No,https://www.humblehalal.com/claim?id=restoran-minang,https://www.humblehalal.com/business/restoran-minang
Rocky Master,402 Orchard Road Delfi Orchard #01-02,238876,Orchard,MUIS Certified,No,https://www.humblehalal.com/claim?id=rocky-master,https://www.humblehalal.com/business/rocky-master
Royz Et Vous,137 Telok Ayer Street #01-01,068602,Telok Ayer,Muslim-Owned,No,https://www.humblehalal.com/claim?id=royz-et-vous,https://www.humblehalal.com/business/royz-et-vous
Rumah Makan Minang,18 Kandahar Street,198885,Kampong Glam,MUIS Certified,No,https://www.humblehalal.com/claim?id=rumah-makan-minang,https://www.humblehalal.com/business/rumah-makan-minang
Rumah Makan Pagi Sore,Singapore,,,MUIS Certified,No,https://www.humblehalal.com/claim?id=rumah-makan-pagi-sore,https://www.humblehalal.com/business/rumah-makan-pagi-sore
Safari Café,57 Haji Lane,189250,Haji Lane,Muslim-Owned,No,https://www.humblehalal.com/claim?id=safari-cafe,https://www.humblehalal.com/business/safari-cafe
Sahabiyyah SG,Online; Singapore,,,Muslim-Owned,No,https://www.humblehalal.com/claim?id=sahabiyyah-sg,https://www.humblehalal.com/business/sahabiyyah-sg
Sahara Shawl / birue,390 Victoria Street Golden Landmark #01-13,188061,Golden Landmark,Muslim-Owned,No,https://www.humblehalal.com/claim?id=sahara-shawl-birue,https://www.humblehalal.com/business/sahara-shawl-birue
Salam Cafe & Bistro,Geylang Serai,,Geylang Serai,Muslim-Owned,No,https://www.humblehalal.com/claim?id=salam-cafe-and-bistro,https://www.humblehalal.com/business/salam-cafe-and-bistro
Samy's Curry Restaurant,Civil Service Club 25 Dempsey Road Block D,249670,Dempsey,MUIS Certified,No,https://www.humblehalal.com/claim?id=samys-curry-restaurant,https://www.humblehalal.com/business/samys-curry-restaurant
Sandalwood Restaurant,Singapore,,,MUIS Certified,No,https://www.humblehalal.com/claim?id=sandalwood-restaurant,https://www.humblehalal.com/business/sandalwood-restaurant
Sapore,Singapore,,,MUIS Certified,No,https://www.humblehalal.com/claim?id=sapore,https://www.humblehalal.com/business/sapore
SBY Meat,Online only,,,MUIS Certified,No,https://www.humblehalal.com/claim?id=sby-meat,https://www.humblehalal.com/business/sby-meat
Selera Rasa Nasi Lemak,2 Adam Road Adam Food Centre #01-02,289876,Adam Road,MUIS Certified,No,https://www.humblehalal.com/claim?id=selera-rasa-nasi-lemak,https://www.humblehalal.com/business/selera-rasa-nasi-lemak
Selerasa Restaurant,Singapore,,,MUIS Certified,No,https://www.humblehalal.com/claim?id=selerasa-restaurant,https://www.humblehalal.com/business/selerasa-restaurant
Seoul Garden (Halal),Multiple Outlets,,,MUIS Certified,No,https://www.humblehalal.com/claim?id=seoul-garden-halal,https://www.humblehalal.com/business/seoul-garden-halal
Siam Kitchen,Singapore,,,MUIS Certified,No,https://www.humblehalal.com/claim?id=siam-kitchen,https://www.humblehalal.com/business/siam-kitchen
Simply Rays,Online; occasional pop-ups,,,Muslim-Owned,No,https://www.humblehalal.com/claim?id=simply-rays,https://www.humblehalal.com/business/simply-rays
Simply Rays Boutique (Joo Chiat),76 Joo Chiat Place,427793,Joo Chiat,Muslim-Owned,No,https://www.humblehalal.com/claim?id=simply-rays-boutique-joo-chiat,https://www.humblehalal.com/business/simply-rays-boutique-joo-chiat
Sims Vista Kitchen,Geylang,,Geylang,Muslim-Owned,No,https://www.humblehalal.com/claim?id=sims-vista-kitchen,https://www.humblehalal.com/business/sims-vista-kitchen
Skuare Hair Boutique,109 Jalan Besar,208829,Jalan Besar,Muslim-Friendly,No,https://www.humblehalal.com/claim?id=skuare-hair-boutique,https://www.humblehalal.com/business/skuare-hair-boutique
SNA Store,Online; Singapore,,,Muslim-Owned,No,https://www.humblehalal.com/claim?id=sna-store,https://www.humblehalal.com/business/sna-store
Sofra Turkish Café and Restaurant,100 Beach Road Shaw Tower #02-42,189702,Beach Road,MUIS Certified,No,https://www.humblehalal.com/claim?id=sofra-turkish-cafe-and-restaurant,https://www.humblehalal.com/business/sofra-turkish-cafe-and-restaurant
Sora Boru,Singapore,,,MUIS Certified,No,https://www.humblehalal.com/claim?id=sora-boru,https://www.humblehalal.com/business/sora-boru
Soup Restaurant,Multiple Outlets,,,MUIS Certified,No,https://www.humblehalal.com/claim?id=soup-restaurant,https://www.humblehalal.com/business/soup-restaurant
Spa by Norfasarie,146 Arab Street,199830,Arab Street,Muslim-Owned,No,https://www.humblehalal.com/claim?id=spa-by-norfasarie,https://www.humblehalal.com/business/spa-by-norfasarie
Spargo,Singapore,,,MUIS Certified,No,https://www.humblehalal.com/claim?id=spargo,https://www.humblehalal.com/business/spargo
Spice Brasserie,181 Kitchener Road PARKROYAL,208533,Farrer Park,MUIS Certified,No,https://www.humblehalal.com/claim?id=spice-brasserie,https://www.humblehalal.com/business/spice-brasserie
Spice Garden,Singapore,,,MUIS Certified,No,https://www.humblehalal.com/claim?id=spice-garden,https://www.humblehalal.com/business/spice-garden
Springleaf Prata Place,Multiple Outlets,,,MUIS Certified,No,https://www.humblehalal.com/claim?id=springleaf-prata-place,https://www.humblehalal.com/business/springleaf-prata-place
Stateland Café,Singapore,,,MUIS Certified,No,https://www.humblehalal.com/claim?id=stateland-cafe,https://www.humblehalal.com/business/stateland-cafe
Suku,Singapore,,,Muslim-Owned,No,https://www.humblehalal.com/claim?id=suku,https://www.humblehalal.com/business/suku
Sultan Restaurant,Sultan Hotel 101 Jalan Sultan,199002,Sultan Gate,MUIS Certified,No,https://www.humblehalal.com/claim?id=sultan-restaurant,https://www.humblehalal.com/business/sultan-restaurant
Sumo Salad,Multiple Outlets,,,MUIS Certified,No,https://www.humblehalal.com/claim?id=sumo-salad,https://www.humblehalal.com/business/sumo-salad
Sunday Folks,Multiple Outlets,,,Muslim-Owned,No,https://www.humblehalal.com/claim?id=sunday-folks,https://www.humblehalal.com/business/sunday-folks
Sushi Tei (Halal outlets),Multiple Outlets,,,MUIS Certified,No,https://www.humblehalal.com/claim?id=sushi-tei-halal-outlets,https://www.humblehalal.com/business/sushi-tei-halal-outlets
Sushiro Singapore (Halal),Multiple Outlets,,,MUIS Certified,No,https://www.humblehalal.com/claim?id=sushiro-singapore-halal,https://www.humblehalal.com/business/sushiro-singapore-halal
SuzyAmeer,Blk 201D Tampines Street 21 #01-1161,524201,Tampines,MUIS Certified,No,https://www.humblehalal.com/claim?id=suzyameer,https://www.humblehalal.com/business/suzyameer
SuzyAmeer Tampines Mart,Blk 201D Tampines Street 21 #01-1161,524201,Tampines,MUIS Certified,No,https://www.humblehalal.com/claim?id=suzyameer-tampines-mart,https://www.humblehalal.com/business/suzyameer-tampines-mart
Swee Hair Studio (Muslimah Mondays),751 North Bridge Road #02-02 Jalan Kledek,198719,Jalan Kledek,Muslim-Friendly,No,https://www.humblehalal.com/claim?id=swee-hair-studio-muslimah-mondays,https://www.humblehalal.com/business/swee-hair-studio-muslimah-mondays
Swensen's,Multiple Outlets,,,MUIS Certified,No,https://www.humblehalal.com/claim?id=swensens,https://www.humblehalal.com/business/swensens
Syed Brothers,Singapore,,,MUIS Certified,No,https://www.humblehalal.com/claim?id=syed-brothers,https://www.humblehalal.com/business/syed-brothers
Symmetry,9 Jalan Kubor,199206,Kampong Glam,MUIS Certified,No,https://www.humblehalal.com/claim?id=symmetry,https://www.humblehalal.com/business/symmetry
Tekka Place (Mydin),665 Buffalo Road Tekka Place,210665,Little India,MUIS Certified,No,https://www.humblehalal.com/claim?id=tekka-place-mydin,https://www.humblehalal.com/business/tekka-place-mydin
Telekung Exclusive Singapore,Online; Singapore,,,Muslim-Owned,No,https://www.humblehalal.com/claim?id=telekung-exclusive-singapore,https://www.humblehalal.com/business/telekung-exclusive-singapore
Telekung.sg,Online; Singapore,,,Muslim-Owned,No,https://www.humblehalal.com/claim?id=telekung-sg,https://www.humblehalal.com/business/telekung-sg
Tenderbest Makcik Tuckshop (Jalan Kayu),246 Jalan Kayu,799470,Jalan Kayu,MUIS Certified,No,https://www.humblehalal.com/claim?id=tenderbest-makcik-tuckshop-jalan-kayu,https://www.humblehalal.com/business/tenderbest-makcik-tuckshop-jalan-kayu
The Banana Leaf Apolo,54 Race Course Road,218564,Race Course Road,MUIS Certified,No,https://www.humblehalal.com/claim?id=the-banana-leaf-apolo,https://www.humblehalal.com/business/the-banana-leaf-apolo
The Betterfield,Singapore,,,MUIS Certified,No,https://www.humblehalal.com/claim?id=the-betterfield,https://www.humblehalal.com/business/the-betterfield
The Black Hole Group (multi-brand),Bugis / Haji Lane,,Haji Lane,Muslim-Owned,No,https://www.humblehalal.com/claim?id=the-black-hole-group-multi-brand,https://www.humblehalal.com/business/the-black-hole-group-multi-brand
The Bravery Café,50 Amoy Street,069876,Tanjong Pagar,Muslim-Owned,No,https://www.humblehalal.com/claim?id=the-bravery-cafe,https://www.humblehalal.com/business/the-bravery-cafe
The Burger Bar by Fabs,Singapore,,,Muslim-Owned,No,https://www.humblehalal.com/claim?id=the-burger-bar-by-fabs,https://www.humblehalal.com/business/the-burger-bar-by-fabs
The Coconut Club,6 Ann Siang Hill,069787,Tanjong Pagar,MUIS Certified,No,https://www.humblehalal.com/claim?id=the-coconut-club,https://www.humblehalal.com/business/the-coconut-club
The Coconut Flower,Singapore,,,MUIS Certified,No,https://www.humblehalal.com/claim?id=the-coconut-flower,https://www.humblehalal.com/business/the-coconut-flower
The Coffee Bean & Tea Leaf,Multiple Outlets,,,MUIS Certified,No,https://www.humblehalal.com/claim?id=the-coffee-bean-and-tea-leaf,https://www.humblehalal.com/business/the-coffee-bean-and-tea-leaf
The Dim Sum Place,791 North Bridge Road,198761,Kampong Glam,MUIS Certified,No,https://www.humblehalal.com/claim?id=the-dim-sum-place,https://www.humblehalal.com/business/the-dim-sum-place
The Fabulous Baker Boy,28 Aliwal Street #01-01,199918,Kampong Glam,MUIS Certified,No,https://www.humblehalal.com/claim?id=the-fabulous-baker-boy,https://www.humblehalal.com/business/the-fabulous-baker-boy
The Flame Café,73 Upper Paya Lebar Road Central Bianco,534818,Macpherson,MUIS Certified,No,https://www.humblehalal.com/claim?id=the-flame-cafe,https://www.humblehalal.com/business/the-flame-cafe
The Glasshouse,Singapore,,,MUIS Certified,No,https://www.humblehalal.com/claim?id=the-glasshouse,https://www.humblehalal.com/business/the-glasshouse
The Guild,1 St Andrew's Road OUE Bayfront #01-03,178957,Raffles Place,Muslim-Owned,No,https://www.humblehalal.com/claim?id=the-guild,https://www.humblehalal.com/business/the-guild
The Halal Meat Specialist by Lim Traders,49 Quality Road,618812,Jurong,MUIS Certified,No,https://www.humblehalal.com/claim?id=the-halal-meat-specialist-by-lim-traders,https://www.humblehalal.com/business/the-halal-meat-specialist-by-lim-traders
The Halia,1 Cluny Road Ginger Garden Singapore Botanic Gardens,259569,Botanic Gardens,MUIS Certified,No,https://www.humblehalal.com/claim?id=the-halia,https://www.humblehalal.com/business/the-halia
The Hashtag Café,743 North Bridge Road,198711,Kampong Glam,Muslim-Owned,No,https://www.humblehalal.com/claim?id=the-hashtag-cafe,https://www.humblehalal.com/business/the-hashtag-cafe
The JellyHearts (Our Tampines Hub),1 Tampines Walk B1-K14 Our Tampines Hub,528523,Our Tampines Hub,MUIS Certified,No,https://www.humblehalal.com/claim?id=the-jellyhearts-our-tampines-hub,https://www.humblehalal.com/business/the-jellyhearts-our-tampines-hub
The Kith Café,Multiple Outlets,,,MUIS Certified,No,https://www.humblehalal.com/claim?id=the-kith-cafe,https://www.humblehalal.com/business/the-kith-cafe
The Lazy Garden Café,180 Kitchener Road City Square Mall #02-37,208539,Farrer Park,MUIS Certified,No,https://www.humblehalal.com/claim?id=the-lazy-garden-cafe,https://www.humblehalal.com/business/the-lazy-garden-cafe
The Living Cafe,779 Bukit Timah Road,269758,Bukit Timah,MUIS Certified,No,https://www.humblehalal.com/claim?id=the-living-cafe,https://www.humblehalal.com/business/the-living-cafe
The Mad Sailors – British Kitchen,24 Haji Lane,198217,Haji Lane,Muslim-Owned,No,https://www.humblehalal.com/claim?id=the-mad-sailors-british-kitchen,https://www.humblehalal.com/business/the-mad-sailors-british-kitchen
The Malayan Council,22 Dunlop Street,209345,Dunlop Street,Muslim-Owned,No,https://www.humblehalal.com/claim?id=the-malayan-council,https://www.humblehalal.com/business/the-malayan-council
The Mama Recipe,Singapore,,,Muslim-Owned,No,https://www.humblehalal.com/claim?id=the-mama-recipe,https://www.humblehalal.com/business/the-mama-recipe
The Meat Up Premium Meat Butchery,Blk 138 Tampines Street 11 #01-142,521138,Tampines,MUIS Certified,No,https://www.humblehalal.com/claim?id=the-meat-up-premium-meat-butchery,https://www.humblehalal.com/business/the-meat-up-premium-meat-butchery
The Meatery,41 Sunset Way Clementi Arcade #01-08,597071,Sunset Way,MUIS Certified,No,https://www.humblehalal.com/claim?id=the-meatery,https://www.humblehalal.com/business/the-meatery
The Mustapha Kitchen,Singapore,,,MUIS Certified,No,https://www.humblehalal.com/claim?id=the-mustapha-kitchen,https://www.humblehalal.com/business/the-mustapha-kitchen
The Pit Room,Singapore,,,MUIS Certified,No,https://www.humblehalal.com/claim?id=the-pit-room,https://www.humblehalal.com/business/the-pit-room
The Quarters,35 Rochester Drive Rochester Mall #01-01,138639,One-North,Muslim-Owned,No,https://www.humblehalal.com/claim?id=the-quarters,https://www.humblehalal.com/business/the-quarters
The Ramen Bar Suzuki,583 Orchard Road Wheelock Place #01-05,238884,Orchard,MUIS Certified,No,https://www.humblehalal.com/claim?id=the-ramen-bar-suzuki,https://www.humblehalal.com/business/the-ramen-bar-suzuki
The Ramen Stall,787 North Bridge Road,198757,Kampong Glam,MUIS Certified,No,https://www.humblehalal.com/claim?id=the-ramen-stall,https://www.humblehalal.com/business/the-ramen-stall
The Royals Café,19 Upper East Coast Road,455209,Siglap,MUIS Certified,No,https://www.humblehalal.com/claim?id=the-royals-cafe,https://www.humblehalal.com/business/the-royals-cafe
The Secret Garden by Zeekri,19 Baghdad Street,199658,Kampong Glam,Muslim-Owned,No,https://www.humblehalal.com/claim?id=the-secret-garden-by-zeekri,https://www.humblehalal.com/business/the-secret-garden-by-zeekri
The White Label,734 North Bridge Road #01-01,198702,Kampong Glam,Muslim-Owned,No,https://www.humblehalal.com/claim?id=the-white-label,https://www.humblehalal.com/business/the-white-label
Three's A Crowd (Race Course Rd),50 Race Course Road,218562,Race Course Road,MUIS Certified,No,https://www.humblehalal.com/claim?id=threes-a-crowd-race-course-rd,https://www.humblehalal.com/business/threes-a-crowd-race-course-rd
Three's A Crowd (Tampines),802 Tampines Avenue 4 #01-11,520802,Tampines,MUIS Certified,No,https://www.humblehalal.com/claim?id=threes-a-crowd-tampines,https://www.humblehalal.com/business/threes-a-crowd-tampines
Tipo Pizzeria e Trattoria,155 Waterloo Street Stamford Arts Centre #01-08,187962,Bras Basah,Muslim-Owned,No,https://www.humblehalal.com/claim?id=tipo-pizzeria-e-trattoria,https://www.humblehalal.com/business/tipo-pizzeria-e-trattoria
Tiram,10 Jalan Leban,577551,Ang Mo Kio,MUIS Certified,No,https://www.humblehalal.com/claim?id=tiram,https://www.humblehalal.com/business/tiram
Tok Tok,313 Orchard Road 313@Somerset #B3-10,238895,Somerset,MUIS Certified,No,https://www.humblehalal.com/claim?id=tok-tok,https://www.humblehalal.com/business/tok-tok
Toko Warisan Geylang,711 Geylang Road,389626,Geylang,MUIS Certified,No,https://www.humblehalal.com/claim?id=toko-warisan-geylang,https://www.humblehalal.com/business/toko-warisan-geylang
Toko Warisan Trading,9 outlets islandwide,,Islandwide,MUIS Certified,No,https://www.humblehalal.com/claim?id=toko-warisan-trading,https://www.humblehalal.com/business/toko-warisan-trading
Tricho Lab (Hijabi-friendly),68 Orchard Road Plaza Singapura #04-08B,238839,Dhoby Ghaut,Muslim-Friendly,No,https://www.humblehalal.com/claim?id=tricho-lab-hijabi-friendly,https://www.humblehalal.com/business/tricho-lab-hijabi-friendly
Turkish Kitchen,Singapore,,,MUIS Certified,No,https://www.humblehalal.com/claim?id=turkish-kitchen,https://www.humblehalal.com/business/turkish-kitchen
Two Hana,2 Tampines Central 5 Century Square #01-21,529509,Tampines,MUIS Certified,No,https://www.humblehalal.com/claim?id=two-hana,https://www.humblehalal.com/business/two-hana
Twyst,Singapore,,,MUIS Certified,No,https://www.humblehalal.com/claim?id=twyst,https://www.humblehalal.com/business/twyst
Ummi's,Geylang,,Geylang,Muslim-Owned,No,https://www.humblehalal.com/claim?id=ummis,https://www.humblehalal.com/business/ummis
Victory Restaurant,701 North Bridge Road,198677,Kampong Glam,MUIS Certified,No,https://www.humblehalal.com/claim?id=victory-restaurant,https://www.humblehalal.com/business/victory-restaurant
Wanderlost Lounge,15 Enggor Road Realty Centre #12-01,079716,Tanjong Pagar,Muslim-Owned,No,https://www.humblehalal.com/claim?id=wanderlost-lounge,https://www.humblehalal.com/business/wanderlost-lounge
Warong Nasi Pariaman,738 North Bridge Road,198712,Kampong Glam,MUIS Certified,No,https://www.humblehalal.com/claim?id=warong-nasi-pariaman,https://www.humblehalal.com/business/warong-nasi-pariaman
Warung Bumbu Rempah,Tampines,,Tampines,MUIS Certified,No,https://www.humblehalal.com/claim?id=warung-bumbu-rempah,https://www.humblehalal.com/business/warung-bumbu-rempah
Wildseed Café (The Summerhouse),3 Park Lane Upper Seletar Reservoir,798387,Seletar,MUIS Certified,No,https://www.humblehalal.com/claim?id=wildseed-cafe-the-summerhouse,https://www.humblehalal.com/business/wildseed-cafe-the-summerhouse
Winn's Home Salon,245 Tampines Street 21,521245,Tampines,Muslim-Friendly,No,https://www.humblehalal.com/claim?id=winns-home-salon,https://www.humblehalal.com/business/winns-home-salon
Yummy Cuisine,Singapore,,,MUIS Certified,No,https://www.humblehalal.com/claim?id=yummy-cuisine,https://www.humblehalal.com/business/yummy-cuisine
ZAC Butchery,Paya Lebar & East Coast outlets,,Paya Lebar / East Coast,MUIS Certified,No,https://www.humblehalal.com/claim?id=zac-butchery,https://www.humblehalal.com/business/zac-butchery
Zam Zam Restaurant,699 North Bridge Road,198675,Kampong Glam,MUIS Certified,No,https://www.humblehalal.com/claim?id=zam-zam-restaurant,https://www.humblehalal.com/business/zam-zam-restaurant
