keyword,volume,kd,cluster,serp_notes
is paris baguette halal,900,0,brand-check,aio+paa
is chateraise halal,700,29,brand-check,aio+paa
is genki sushi halal,700,0,brand-check,aio+paa
is mos burger halal,700,0,brand-check,aio+paa
is chagee halal,600,0,brand-check,paa
is awfully chocolate halal,600,0,brand-check,aio+paa
is breadtalk halal,500,0,brand-check,aio+paa
is saizeriya halal,500,0,brand-check,aio+paa
is cedele halal,450,0,brand-check,aio+paa
is four leaves halal,400,2,brand-check,aio+paa
is yoshinoya halal,400,3,brand-check,aio+paa
is sukiya halal,400,0,brand-check,aio+paa
is shake shack halal,350,0,brand-check,aio+paa
is dominos halal,350,1,brand-check,aio+paa
is tim hortons halal,350,1,brand-check,aio+paa
is potato corner halal,350,0,brand-check,aio+paa
is koi halal,300,0,brand-check,aio+paa
is tiong bahru bakery halal,300,0,brand-check,aio+paa+local
is fun toast halal,300,2,brand-check,aio+paa
is bengawan solo halal,300,0,brand-check,aio+paa
is jollibee halal,250,7,brand-check,aio+paa
is monster curry halal,250,1,brand-check,paa+local
is royce chocolate halal,250,0,brand-check,aio+paa
is pepper lunch halal,250,0,brand-check,aio+paa
is delifrance halal,250,0,brand-check,aio+paa
what is halal,250,31,definition,aio+paa
is swee heng halal,250,4,brand-check,aio+paa
is butter and cream bakery halal,250,0,brand-check,aio+paa+local
is starbucks halal,250,0,brand-check,aio+paa
what is halal food,250,22,definition,aio+paa
is haribo halal,200,0,brand-check,aio+paa
is hi chew halal,200,0,brand-check,aio+paa
is jack's place halal,200,4,brand-check,aio+paa+local
is liho halal,200,0,brand-check,paa
is twg halal,200,0,brand-check,aio+paa
is gluten halal,200,0,ingredient,aio+paa
is haagen dazs halal,200,0,brand-check,aio+paa
is krispy kreme halal,200,0,brand-check,aio+paa
is lindt chocolate halal,200,1,brand-check,aio+paa
is old chang kee halal,200,0,brand-check,aio+paa
is pizza hut halal,200,0,brand-check,aio+paa
is mr bean halal,200,0,brand-check,paa
is bob the baker boy halal,200,26,brand-check,aio+paa
is ferrero rocher halal,200,0,brand-check,aio+paa
is kombucha halal,200,0,ingredient,aio+paa
is white rabbit candy halal,200,0,brand-check,aio+paa
is nandos halal,150,0,brand-check,aio+paa
is hans halal,150,0,brand-check,paa+local
is plain vanilla halal,150,0,brand-check,paa
is gelatin halal,150,1,ingredient,aio+paa
is poulet halal,150,0,brand-check,paa+local
is subway halal,150,0,brand-check,paa
is haidilao halal,150,0,brand-check,aio+paa
is grain halal,150,2,brand-check,paa
is soup spoon halal,150,0,brand-check,paa
is each a cup halal,150,0,brand-check,paa
is takagi ramen halal,150,0,brand-check,paa
is wingstop halal,150,0,brand-check,aio+paa
is heavenly wang halal,150,0,brand-check,paa
is coffee bean halal,150,0,brand-check,aio+paa
is sushiro halal,150,0,brand-check,paa
is luckin coffee halal,150,0,brand-check,paa
is starbucks halal singapore,150,0,brand-check,paa
is singapore a muslim country,150,0,muslim-life,aio+paa
why muslim cannot eat pork,80,2,muslim-life,aio+paa
can muslim eat duck,40,0,muslim-life,aio+paa
can muslim eat kosher food,30,0,muslim-life,paa
